ID,REGIST_DATETIME,REGIST_USER,UPDATE_DATETIME,UPDATE_USER,NAME,COLOR,ICON_PATH
coara,2025-02-01 00:00:00,1,2026-02-14 17:50:10,coara,しょーちゃん,#f09a9f,/icon/profile/1770909496238.png
panda,2025-02-01 00:00:00,1,2025-02-01 00:00:00,1,あーちゃん,,
testuser001,2025-02-01 00:00:00,1,2025-02-01 00:00:00,1,テストユーザー1,,
testuser002,2025-02-01 00:00:00,1,2025-02-01 00:00:00,1,テストユーザー2,,
testuser003,2025-02-01 00:00:00,1,2025-02-01 00:00:00,1,テストユーザー3,,
testuser004,2025-02-01 00:00:00,1,2025-02-01 00:00:00,1,テストユーザー4,,
testuser005,2025-02-01 00:00:00,1,2025-02-01 00:00:00,1,テストユーザー5,,
testuser006,2025-02-01 00:00:00,1,2025-02-01 00:00:00,1,テストユーザー6,,
testuser007,2025-02-01 00:00:00,1,2025-02-01 00:00:00,1,テストユーザー7,,
testuser008,2025-02-01 00:00:00,1,2025-02-01 00:00:00,1,テストユーザー8,,
testuser009,2025-02-01 00:00:00,1,2025-02-01 00:00:00,1,テストユーザー9,,
testuser010,2025-02-01 00:00:00,1,2025-02-01 00:00:00,1,テストユーザー10,,
testuser011,2025-02-01 00:00:00,1,2025-02-01 00:00:00,1,テストユーザー11,,
testuser012,2025-02-01 00:00:00,1,2025-02-01 00:00:00,1,テストユーザー12,,
testuser013,2025-02-01 00:00:00,1,2025-02-01 00:00:00,1,テストユーザー13,,
testuser014,2025-02-01 00:00:00,1,2025-02-01 00:00:00,1,テストユーザー14,,
testuser015,2025-02-01 00:00:00,1,2025-02-01 00:00:00,1,テストユーザー15,,
testuser016,2025-02-01 00:00:00,1,2025-02-01 00:00:00,1,テストユーザー16,,
testuser017,2025-02-01 00:00:00,1,2025-02-01 00:00:00,1,テストユーザー17,,
testuser018,2025-02-01 00:00:00,1,2025-02-01 00:00:00,1,テストユーザー18,,
testuser019,2025-02-01 00:00:00,1,2025-02-01 00:00:00,1,テストユーザー19,,
testuser020,2025-02-01 00:00:00,1,2025-02-01 00:00:00,1,テストユーザー20,,
testuser021,2025-02-01 00:00:00,1,2025-02-01 00:00:00,1,テストユーザー21,,
testuser022,2025-02-01 00:00:00,1,2025-02-01 00:00:00,1,テストユーザー22,,
testuser023,2025-02-01 00:00:00,1,2025-02-01 00:00:00,1,テストユーザー23,,
testuser024,2025-02-01 00:00:00,1,2025-02-01 00:00:00,1,テストユーザー24,,
testuser025,2025-02-01 00:00:00,1,2025-02-01 00:00:00,1,テストユーザー25,,
testuser026,2025-02-01 00:00:00,1,2025-02-01 00:00:00,1,テストユーザー26,,
testuser027,2025-02-01 00:00:00,1,2025-02-01 00:00:00,1,テストユーザー27,,
testuser028,2025-02-01 00:00:00,1,2025-02-01 00:00:00,1,テストユーザー28,,
testuser029,2025-02-01 00:00:00,1,2025-02-01 00:00:00,1,テストユーザー29,,
testuser030,2025-02-01 00:00:00,1,2025-02-01 00:00:00,1,テストユーザー30,,
testuser031,2025-02-01 00:00:00,1,2025-02-01 00:00:00,1,テストユーザー31,,
testuser032,2025-02-01 00:00:00,1,2025-02-01 00:00:00,1,テストユーザー32,,
testuser033,2025-02-01 00:00:00,1,2025-02-01 00:00:00,1,テストユーザー33,,
testuser034,2025-02-01 00:00:00,1,2025-02-01 00:00:00,1,テストユーザー34,,
testuser035,2025-02-01 00:00:00,1,2025-02-01 00:00:00,1,テストユーザー35,,